{
    "Inventory/Armoury": [
        {
            "coords": [
                5654.314453125,
                -3167.993896484375,
                8.71835803985595,
                99.24188232421875
            ]
        }
    ],
    "RequestVehicle": [
        {
            "coords": [
                5654.531738,
                -3172.760498,
                8.706177,
                90.708656
            ]
        }
    ]
}